"mz","intensity","filename"
50,227,"Baja unknown 1"
51,217,"Baja unknown 1"
54,168,"Baja unknown 1"
58,55,"Baja unknown 1"
61,163,"Baja unknown 1"
62,222,"Baja unknown 1"
63,241,"Baja unknown 1"
64,30,"Baja unknown 1"
72,66,"Baja unknown 1"
73,234,"Baja unknown 1"
74,163,"Baja unknown 1"
75,206,"Baja unknown 1"
77,237,"Baja unknown 1"
79,822,"Baja unknown 1"
81,582,"Baja unknown 1"
82,299,"Baja unknown 1"
84,164,"Baja unknown 1"
85,144,"Baja unknown 1"
86,160,"Baja unknown 1"
87,124,"Baja unknown 1"
88,19,"Baja unknown 1"
89,49,"Baja unknown 1"
97,220,"Baja unknown 1"
99,440,"Baja unknown 1"
100,123,"Baja unknown 1"
101,30,"Baja unknown 1"
106,78,"Baja unknown 1"
108,137,"Baja unknown 1"
109,505,"Baja unknown 1"
110,47,"Baja unknown 1"
113,140,"Baja unknown 1"
114,28,"Baja unknown 1"
123,174,"Baja unknown 1"
124,43,"Baja unknown 1"
125,84,"Baja unknown 1"
126,30,"Baja unknown 1"
134,56,"Baja unknown 1"
135,65,"Baja unknown 1"
136,44,"Baja unknown 1"
137,209,"Baja unknown 1"
138,83,"Baja unknown 1"
148,77,"Baja unknown 1"
149,110,"Baja unknown 1"
150,23,"Baja unknown 1"
153,42,"Baja unknown 1"
154,41,"Baja unknown 1"
158,14,"Baja unknown 1"
159,998,"Baja unknown 1"
160,97,"Baja unknown 1"
161,684,"Baja unknown 1"
162,85,"Baja unknown 1"
163,116,"Baja unknown 1"
164,13,"Baja unknown 1"
170,64,"Baja unknown 1"
181,15,"Baja unknown 1"
182,12,"Baja unknown 1"
183,212,"Baja unknown 1"
184,67,"Baja unknown 1"
185,104,"Baja unknown 1"
186,22,"Baja unknown 1"
189,13,"Baja unknown 1"
192,14,"Baja unknown 1"
193,735,"Baja unknown 1"
194,259,"Baja unknown 1"
195,736,"Baja unknown 1"
196,202,"Baja unknown 1"
197,201,"Baja unknown 1"
198,47,"Baja unknown 1"
199,69,"Baja unknown 1"
202,10,"Baja unknown 1"
203,28,"Baja unknown 1"
204,20,"Baja unknown 1"
205,7,"Baja unknown 1"
206,29,"Baja unknown 1"
207,27,"Baja unknown 1"
208,23,"Baja unknown 1"
209,17,"Baja unknown 1"
210,36,"Baja unknown 1"
212,7,"Baja unknown 1"
214,4,"Baja unknown 1"
217,78,"Baja unknown 1"
218,64,"Baja unknown 1"
219,171,"Baja unknown 1"
220,61,"Baja unknown 1"
221,100,"Baja unknown 1"
222,46,"Baja unknown 1"
223,73,"Baja unknown 1"
224,27,"Baja unknown 1"
225,8,"Baja unknown 1"
226,5,"Baja unknown 1"
227,21,"Baja unknown 1"
229,30,"Baja unknown 1"
230,24,"Baja unknown 1"
231,20,"Baja unknown 1"
232,6,"Baja unknown 1"
233,20,"Baja unknown 1"
234,7,"Baja unknown 1"
235,13,"Baja unknown 1"
236,17,"Baja unknown 1"
237,4,"Baja unknown 1"
238,23,"Baja unknown 1"
240,4,"Baja unknown 1"
247,9,"Baja unknown 1"
248,1,"Baja unknown 1"
253,66,"Baja unknown 1"
254,17,"Baja unknown 1"
255,81,"Baja unknown 1"
256,37,"Baja unknown 1"
257,40,"Baja unknown 1"
259,11,"Baja unknown 1"
260,15,"Baja unknown 1"
261,10,"Baja unknown 1"
267,9,"Baja unknown 1"
269,7,"Baja unknown 1"
273,4,"Baja unknown 1"
275,3,"Baja unknown 1"
277,2,"Baja unknown 1"
281,3,"Baja unknown 1"
283,6,"Baja unknown 1"
285,3,"Baja unknown 1"
288,4,"Baja unknown 1"
289,40,"Baja unknown 1"
290,16,"Baja unknown 1"
291,50,"Baja unknown 1"
292,14,"Baja unknown 1"
293,35,"Baja unknown 1"
294,7,"Baja unknown 1"
295,12,"Baja unknown 1"
296,2,"Baja unknown 1"
297,3,"Baja unknown 1"
303,3,"Baja unknown 1"
304,2,"Baja unknown 1"
305,3,"Baja unknown 1"
307,1,"Baja unknown 1"
308,3,"Baja unknown 1"
309,1,"Baja unknown 1"
310,2,"Baja unknown 1"
311,2,"Baja unknown 1"
312,1,"Baja unknown 1"
313,1,"Baja unknown 1"
315,1,"Baja unknown 1"
317,8,"Baja unknown 1"
319,9,"Baja unknown 1"
321,4,"Baja unknown 1"
323,1,"Baja unknown 1"
324,52,"Baja unknown 1"
325,10,"Baja unknown 1"
326,106,"Baja unknown 1"
327,18,"Baja unknown 1"
328,73,"Baja unknown 1"
329,12,"Baja unknown 1"
330,34,"Baja unknown 1"
331,4,"Baja unknown 1"
332,10,"Baja unknown 1"
333,2,"Baja unknown 1"
334,2,"Baja unknown 1"
335,1,"Baja unknown 1"
358,1,"Baja unknown 1"
364,1,"Baja unknown 1"
377,1,"Baja unknown 1"
378,1,"Baja unknown 1"
381,1,"Baja unknown 1"
427,1,"Baja unknown 1"
430,1,"Baja unknown 1"
431,1,"Baja unknown 1"
453,1,"Baja unknown 1"
454,1,"Baja unknown 1"
477,1,"Baja unknown 1"
481,1,"Baja unknown 1"
482,1,"Baja unknown 1"
508,1,"Baja unknown 1"
509,1,"Baja unknown 1"
534,1,"Baja unknown 1"
536,1,"Baja unknown 1"
539,1,"Baja unknown 1"
565,1,"Baja unknown 1"
591,1,"Baja unknown 1"
592,1,"Baja unknown 1"
594,1,"Baja unknown 1"
595,1,"Baja unknown 1"
597,1,"Baja unknown 1"
657,1,"Baja unknown 1"
658,1,"Baja unknown 1"
659,1,"Baja unknown 1"
688,1,"Baja unknown 1"
711,1,"Baja unknown 1"
720,1,"Baja unknown 1"
753,1,"Baja unknown 1"
778,1,"Baja unknown 1"
788,1,"Baja unknown 1"
822,1,"Baja unknown 1"
841,1,"Baja unknown 1"
894,1,"Baja unknown 1"
918,1,"Baja unknown 1"
927,1,"Baja unknown 1"
931,1,"Baja unknown 1"
992,1,"Baja unknown 1"
994,1,"Baja unknown 1"
50,272,"Baja unknown 2"
60,233,"Baja unknown 2"
61,193,"Baja unknown 2"
62,179,"Baja unknown 2"
63,277,"Baja unknown 2"
72,28,"Baja unknown 2"
73,399,"Baja unknown 2"
74,141,"Baja unknown 2"
75,293,"Baja unknown 2"
80,417,"Baja unknown 2"
86,112,"Baja unknown 2"
87,195,"Baja unknown 2"
88,37,"Baja unknown 2"
93,344,"Baja unknown 2"
94,245,"Baja unknown 2"
99,283,"Baja unknown 2"
110,116,"Baja unknown 2"
114,29,"Baja unknown 2"
120,376,"Baja unknown 2"
142,168,"Baja unknown 2"
145,205,"Baja unknown 2"
156,208,"Baja unknown 2"
157,287,"Baja unknown 2"
158,49,"Baja unknown 2"
161,73,"Baja unknown 2"
162,106,"Baja unknown 2"
164,60,"Baja unknown 2"
169,141,"Baja unknown 2"
170,385,"Baja unknown 2"
171,587,"Baja unknown 2"
172,166,"Baja unknown 2"
173,96,"Baja unknown 2"
176,48,"Baja unknown 2"
180,17,"Baja unknown 2"
181,80,"Baja unknown 2"
182,65,"Baja unknown 2"
183,149,"Baja unknown 2"
184,256,"Baja unknown 2"
185,112,"Baja unknown 2"
192,37,"Baja unknown 2"
193,173,"Baja unknown 2"
195,189,"Baja unknown 2"
196,65,"Baja unknown 2"
197,180,"Baja unknown 2"
198,51,"Baja unknown 2"
199,93,"Baja unknown 2"
204,49,"Baja unknown 2"
207,181,"Baja unknown 2"
208,43,"Baja unknown 2"
209,165,"Baja unknown 2"
210,29,"Baja unknown 2"
211,81,"Baja unknown 2"
212,33,"Baja unknown 2"
216,9,"Baja unknown 2"
220,7,"Baja unknown 2"
221,34,"Baja unknown 2"
222,15,"Baja unknown 2"
223,52,"Baja unknown 2"
231,22,"Baja unknown 2"
237,25,"Baja unknown 2"
239,32,"Baja unknown 2"
240,9,"Baja unknown 2"
243,768,"Baja unknown 2"
244,74,"Baja unknown 2"
245,999,"Baja unknown 2"
246,106,"Baja unknown 2"
247,531,"Baja unknown 2"
248,45,"Baja unknown 2"
249,147,"Baja unknown 2"
250,21,"Baja unknown 2"
251,17,"Baja unknown 2"
262,4,"Baja unknown 2"
264,38,"Baja unknown 2"
269,60,"Baja unknown 2"
271,60,"Baja unknown 2"
273,11,"Baja unknown 2"
277,2,"Baja unknown 2"
278,97,"Baja unknown 2"
279,10,"Baja unknown 2"
280,193,"Baja unknown 2"
281,14,"Baja unknown 2"
282,124,"Baja unknown 2"
284,39,"Baja unknown 2"
286,1,"Baja unknown 2"
291,18,"Baja unknown 2"
292,2,"Baja unknown 2"
293,44,"Baja unknown 2"
294,5,"Baja unknown 2"
295,23,"Baja unknown 2"
296,2,"Baja unknown 2"
297,9,"Baja unknown 2"
304,2,"Baja unknown 2"
307,10,"Baja unknown 2"
308,2,"Baja unknown 2"
309,8,"Baja unknown 2"
311,2,"Baja unknown 2"
315,2,"Baja unknown 2"
317,1,"Baja unknown 2"
320,3,"Baja unknown 2"
341,10,"Baja unknown 2"
342,8,"Baja unknown 2"
343,16,"Baja unknown 2"
344,6,"Baja unknown 2"
345,8,"Baja unknown 2"
346,2,"Baja unknown 2"
347,4,"Baja unknown 2"
354,2,"Baja unknown 2"
361,1,"Baja unknown 2"
376,3,"Baja unknown 2"
380,3,"Baja unknown 2"
411,1,"Baja unknown 2"
438,1,"Baja unknown 2"
494,1,"Baja unknown 2"
505,1,"Baja unknown 2"
538,1,"Baja unknown 2"
544,1,"Baja unknown 2"
552,1,"Baja unknown 2"
560,1,"Baja unknown 2"
562,1,"Baja unknown 2"
573,1,"Baja unknown 2"
635,1,"Baja unknown 2"
658,1,"Baja unknown 2"
659,1,"Baja unknown 2"
663,1,"Baja unknown 2"
664,1,"Baja unknown 2"
671,1,"Baja unknown 2"
689,1,"Baja unknown 2"
721,1,"Baja unknown 2"
725,1,"Baja unknown 2"
729,1,"Baja unknown 2"
746,1,"Baja unknown 2"
755,1,"Baja unknown 2"
757,2,"Baja unknown 2"
761,1,"Baja unknown 2"
762,1,"Baja unknown 2"
772,1,"Baja unknown 2"
819,1,"Baja unknown 2"
840,1,"Baja unknown 2"
880,1,"Baja unknown 2"
902,1,"Baja unknown 2"
903,1,"Baja unknown 2"
936,2,"Baja unknown 2"
960,1,"Baja unknown 2"
963,2,"Baja unknown 2"
969,1,"Baja unknown 2"
970,1,"Baja unknown 2"
991,1,"Baja unknown 2"
994,1,"Baja unknown 2"
58,30,"Baja unknown 3"
59,60,"Baja unknown 3"
60,157,"Baja unknown 3"
61,130,"Baja unknown 3"
62,114,"Baja unknown 3"
63,282,"Baja unknown 3"
64,61,"Baja unknown 3"
71,171,"Baja unknown 3"
72,175,"Baja unknown 3"
73,72,"Baja unknown 3"
74,94,"Baja unknown 3"
75,75,"Baja unknown 3"
76,134,"Baja unknown 3"
84,239,"Baja unknown 3"
85,647,"Baja unknown 3"
86,190,"Baja unknown 3"
87,69,"Baja unknown 3"
88,27,"Baja unknown 3"
91,998,"Baja unknown 3"
95,280,"Baja unknown 3"
96,267,"Baja unknown 3"
97,274,"Baja unknown 3"
98,57,"Baja unknown 3"
99,296,"Baja unknown 3"
100,81,"Baja unknown 3"
101,44,"Baja unknown 3"
102,64,"Baja unknown 3"
106,129,"Baja unknown 3"
107,329,"Baja unknown 3"
108,297,"Baja unknown 3"
109,275,"Baja unknown 3"
110,92,"Baja unknown 3"
111,170,"Baja unknown 3"
112,155,"Baja unknown 3"
113,101,"Baja unknown 3"
114,228,"Baja unknown 3"
115,373,"Baja unknown 3"
116,157,"Baja unknown 3"
117,289,"Baja unknown 3"
119,363,"Baja unknown 3"
120,146,"Baja unknown 3"
121,177,"Baja unknown 3"
122,80,"Baja unknown 3"
123,196,"Baja unknown 3"
124,115,"Baja unknown 3"
125,234,"Baja unknown 3"
129,157,"Baja unknown 3"
132,191,"Baja unknown 3"
135,39,"Baja unknown 3"
136,64,"Baja unknown 3"
137,105,"Baja unknown 3"
138,46,"Baja unknown 3"
139,22,"Baja unknown 3"
140,10,"Baja unknown 3"
141,240,"Baja unknown 3"
143,184,"Baja unknown 3"
148,82,"Baja unknown 3"
149,210,"Baja unknown 3"
150,45,"Baja unknown 3"
151,153,"Baja unknown 3"
152,79,"Baja unknown 3"
154,62,"Baja unknown 3"
155,31,"Baja unknown 3"
156,85,"Baja unknown 3"
157,96,"Baja unknown 3"
159,24,"Baja unknown 3"
161,55,"Baja unknown 3"
165,139,"Baja unknown 3"
166,39,"Baja unknown 3"
169,83,"Baja unknown 3"
170,43,"Baja unknown 3"
172,14,"Baja unknown 3"
173,12,"Baja unknown 3"
174,9,"Baja unknown 3"
175,36,"Baja unknown 3"
176,28,"Baja unknown 3"
177,31,"Baja unknown 3"
178,15,"Baja unknown 3"
179,17,"Baja unknown 3"
180,28,"Baja unknown 3"
182,62,"Baja unknown 3"
187,23,"Baja unknown 3"
188,16,"Baja unknown 3"
189,10,"Baja unknown 3"
190,16,"Baja unknown 3"
191,36,"Baja unknown 3"
192,25,"Baja unknown 3"
193,75,"Baja unknown 3"
195,47,"Baja unknown 3"
196,23,"Baja unknown 3"
199,6,"Baja unknown 3"
200,19,"Baja unknown 3"
201,7,"Baja unknown 3"
202,14,"Baja unknown 3"
203,10,"Baja unknown 3"
204,43,"Baja unknown 3"
206,34,"Baja unknown 3"
207,19,"Baja unknown 3"
208,42,"Baja unknown 3"
209,8,"Baja unknown 3"
210,49,"Baja unknown 3"
212,32,"Baja unknown 3"
213,14,"Baja unknown 3"
214,34,"Baja unknown 3"
215,50,"Baja unknown 3"
216,17,"Baja unknown 3"
217,58,"Baja unknown 3"
221,51,"Baja unknown 3"
222,86,"Baja unknown 3"
226,12,"Baja unknown 3"
227,12,"Baja unknown 3"
228,28,"Baja unknown 3"
229,48,"Baja unknown 3"
230,36,"Baja unknown 3"
231,26,"Baja unknown 3"
232,38,"Baja unknown 3"
233,51,"Baja unknown 3"
234,6,"Baja unknown 3"
235,18,"Baja unknown 3"
236,22,"Baja unknown 3"
239,19,"Baja unknown 3"
240,7,"Baja unknown 3"
241,53,"Baja unknown 3"
242,8,"Baja unknown 3"
243,14,"Baja unknown 3"
244,30,"Baja unknown 3"
245,95,"Baja unknown 3"
246,39,"Baja unknown 3"
247,114,"Baja unknown 3"
248,55,"Baja unknown 3"
249,29,"Baja unknown 3"
250,37,"Baja unknown 3"
251,8,"Baja unknown 3"
261,16,"Baja unknown 3"
262,12,"Baja unknown 3"
264,13,"Baja unknown 3"
265,20,"Baja unknown 3"
267,10,"Baja unknown 3"
270,2,"Baja unknown 3"
271,2,"Baja unknown 3"
274,6,"Baja unknown 3"
276,12,"Baja unknown 3"
277,3,"Baja unknown 3"
279,14,"Baja unknown 3"
280,131,"Baja unknown 3"
281,38,"Baja unknown 3"
282,166,"Baja unknown 3"
283,38,"Baja unknown 3"
284,91,"Baja unknown 3"
285,22,"Baja unknown 3"
286,26,"Baja unknown 3"
287,14,"Baja unknown 3"
288,6,"Baja unknown 3"
295,19,"Baja unknown 3"
296,9,"Baja unknown 3"
297,20,"Baja unknown 3"
298,14,"Baja unknown 3"
299,2,"Baja unknown 3"
300,4,"Baja unknown 3"
301,3,"Baja unknown 3"
302,3,"Baja unknown 3"
303,2,"Baja unknown 3"
305,4,"Baja unknown 3"
309,2,"Baja unknown 3"
311,5,"Baja unknown 3"
313,3,"Baja unknown 3"
315,16,"Baja unknown 3"
316,3,"Baja unknown 3"
317,22,"Baja unknown 3"
318,5,"Baja unknown 3"
319,17,"Baja unknown 3"
320,15,"Baja unknown 3"
321,8,"Baja unknown 3"
322,7,"Baja unknown 3"
323,7,"Baja unknown 3"
333,3,"Baja unknown 3"
335,2,"Baja unknown 3"
336,3,"Baja unknown 3"
337,1,"Baja unknown 3"
338,4,"Baja unknown 3"
339,3,"Baja unknown 3"
340,2,"Baja unknown 3"
341,1,"Baja unknown 3"
342,1,"Baja unknown 3"
343,1,"Baja unknown 3"
344,1,"Baja unknown 3"
357,1,"Baja unknown 3"
358,1,"Baja unknown 3"
359,55,"Baja unknown 3"
360,13,"Baja unknown 3"
361,117,"Baja unknown 3"
362,24,"Baja unknown 3"
363,97,"Baja unknown 3"
364,19,"Baja unknown 3"
365,43,"Baja unknown 3"
366,3,"Baja unknown 3"
367,10,"Baja unknown 3"
368,1,"Baja unknown 3"
369,1,"Baja unknown 3"
381,1,"Baja unknown 3"
383,3,"Baja unknown 3"
387,1,"Baja unknown 3"
393,2,"Baja unknown 3"
394,28,"Baja unknown 3"
395,9,"Baja unknown 3"
396,64,"Baja unknown 3"
397,15,"Baja unknown 3"
398,72,"Baja unknown 3"
399,13,"Baja unknown 3"
400,43,"Baja unknown 3"
401,7,"Baja unknown 3"
402,10,"Baja unknown 3"
403,2,"Baja unknown 3"
54,175,"Baja unknown 4"
56,211,"Baja unknown 4"
57,249,"Baja unknown 4"
60,91,"Baja unknown 4"
65,235,"Baja unknown 4"
67,998,"Baja unknown 4"
69,473,"Baja unknown 4"
70,116,"Baja unknown 4"
71,125,"Baja unknown 4"
77,487,"Baja unknown 4"
79,992,"Baja unknown 4"
80,235,"Baja unknown 4"
82,129,"Baja unknown 4"
83,221,"Baja unknown 4"
85,152,"Baja unknown 4"
91,591,"Baja unknown 4"
92,138,"Baja unknown 4"
101,15,"Baja unknown 4"
103,13,"Baja unknown 4"
106,54,"Baja unknown 4"
115,66,"Baja unknown 4"
116,23,"Baja unknown 4"
117,117,"Baja unknown 4"
125,200,"Baja unknown 4"
127,65,"Baja unknown 4"
130,15,"Baja unknown 4"
153,12,"Baja unknown 4"
155,40,"Baja unknown 4"
165,33,"Baja unknown 4"
166,13,"Baja unknown 4"
167,26,"Baja unknown 4"
169,17,"Baja unknown 4"
178,12,"Baja unknown 4"
205,12,"Baja unknown 4"
206,13,"Baja unknown 4"
207,12,"Baja unknown 4"
210,17,"Baja unknown 4"
214,7,"Baja unknown 4"
219,23,"Baja unknown 4"
235,9,"Baja unknown 4"
236,4,"Baja unknown 4"
240,15,"Baja unknown 4"
245,22,"Baja unknown 4"
248,21,"Baja unknown 4"
263,9,"Baja unknown 4"
265,4,"Baja unknown 4"
267,10,"Baja unknown 4"
268,6,"Baja unknown 4"
285,11,"Baja unknown 4"
294,22,"Baja unknown 4"
295,3,"Baja unknown 4"
296,11,"Baja unknown 4"
297,3,"Baja unknown 4"
298,13,"Baja unknown 4"
299,7,"Baja unknown 4"
300,6,"Baja unknown 4"
301,571,"Baja unknown 4"
302,58,"Baja unknown 4"
303,705,"Baja unknown 4"
304,51,"Baja unknown 4"
305,313,"Baja unknown 4"
306,36,"Baja unknown 4"
307,113,"Baja unknown 4"
308,23,"Baja unknown 4"
309,54,"Baja unknown 4"
310,12,"Baja unknown 4"
311,33,"Baja unknown 4"
312,11,"Baja unknown 4"
313,15,"Baja unknown 4"
314,8,"Baja unknown 4"
315,12,"Baja unknown 4"
318,64,"Baja unknown 4"
319,8,"Baja unknown 4"
320,79,"Baja unknown 4"
321,23,"Baja unknown 4"
322,220,"Baja unknown 4"
323,48,"Baja unknown 4"
324,170,"Baja unknown 4"
325,39,"Baja unknown 4"
326,47,"Baja unknown 4"
328,17,"Baja unknown 4"
329,12,"Baja unknown 4"
336,2,"Baja unknown 4"
340,2,"Baja unknown 4"
342,2,"Baja unknown 4"
343,1,"Baja unknown 4"
344,6,"Baja unknown 4"
346,2,"Baja unknown 4"
349,3,"Baja unknown 4"
351,1,"Baja unknown 4"
357,398,"Baja unknown 4"
359,793,"Baja unknown 4"
361,584,"Baja unknown 4"
362,82,"Baja unknown 4"
363,207,"Baja unknown 4"
364,40,"Baja unknown 4"
365,35,"Baja unknown 4"
366,9,"Baja unknown 4"
367,2,"Baja unknown 4"
385,2,"Baja unknown 4"
387,1,"Baja unknown 4"
388,1,"Baja unknown 4"
418,1,"Baja unknown 4"
419,21,"Baja unknown 4"
420,5,"Baja unknown 4"
421,57,"Baja unknown 4"
422,9,"Baja unknown 4"
423,61,"Baja unknown 4"
424,9,"Baja unknown 4"
425,39,"Baja unknown 4"
426,7,"Baja unknown 4"
427,17,"Baja unknown 4"
429,4,"Baja unknown 4"
454,1,"Baja unknown 4"
456,2,"Baja unknown 4"
458,2,"Baja unknown 4"
459,1,"Baja unknown 4"
460,2,"Baja unknown 4"
50,131,"Baja unknown 5"
51,615,"Baja unknown 5"
52,51,"Baja unknown 5"
53,188,"Baja unknown 5"
59,998,"Baja unknown 5"
61,127,"Baja unknown 5"
62,134,"Baja unknown 5"
63,419,"Baja unknown 5"
64,47,"Baja unknown 5"
65,373,"Baja unknown 5"
66,133,"Baja unknown 5"
70,59,"Baja unknown 5"
73,289,"Baja unknown 5"
74,128,"Baja unknown 5"
75,557,"Baja unknown 5"
76,142,"Baja unknown 5"
77,904,"Baja unknown 5"
78,115,"Baja unknown 5"
79,305,"Baja unknown 5"
80,168,"Baja unknown 5"
82,74,"Baja unknown 5"
83,209,"Baja unknown 5"
84,65,"Baja unknown 5"
86,94,"Baja unknown 5"
87,266,"Baja unknown 5"
88,268,"Baja unknown 5"
89,319,"Baja unknown 5"
90,35,"Baja unknown 5"
97,61,"Baja unknown 5"
99,186,"Baja unknown 5"
100,88,"Baja unknown 5"
101,155,"Baja unknown 5"
102,169,"Baja unknown 5"
103,164,"Baja unknown 5"
109,163,"Baja unknown 5"
110,35,"Baja unknown 5"
111,63,"Baja unknown 5"
112,162,"Baja unknown 5"
113,315,"Baja unknown 5"
114,137,"Baja unknown 5"
115,358,"Baja unknown 5"
116,139,"Baja unknown 5"
123,28,"Baja unknown 5"
124,21,"Baja unknown 5"
125,174,"Baja unknown 5"
126,96,"Baja unknown 5"
127,117,"Baja unknown 5"
129,112,"Baja unknown 5"
130,69,"Baja unknown 5"
136,44,"Baja unknown 5"
139,107,"Baja unknown 5"
140,86,"Baja unknown 5"
141,234,"Baja unknown 5"
142,141,"Baja unknown 5"
144,18,"Baja unknown 5"
145,36,"Baja unknown 5"
149,75,"Baja unknown 5"
150,150,"Baja unknown 5"
151,226,"Baja unknown 5"
152,76,"Baja unknown 5"
153,127,"Baja unknown 5"
154,24,"Baja unknown 5"
156,14,"Baja unknown 5"
157,80,"Baja unknown 5"
158,38,"Baja unknown 5"
160,29,"Baja unknown 5"
161,66,"Baja unknown 5"
162,17,"Baja unknown 5"
163,196,"Baja unknown 5"
164,17,"Baja unknown 5"
165,95,"Baja unknown 5"
167,59,"Baja unknown 5"
173,101,"Baja unknown 5"
174,34,"Baja unknown 5"
175,127,"Baja unknown 5"
176,29,"Baja unknown 5"
177,80,"Baja unknown 5"
178,114,"Baja unknown 5"
179,36,"Baja unknown 5"
181,40,"Baja unknown 5"
187,71,"Baja unknown 5"
189,100,"Baja unknown 5"
190,111,"Baja unknown 5"
191,77,"Baja unknown 5"
192,27,"Baja unknown 5"
193,59,"Baja unknown 5"
195,24,"Baja unknown 5"
196,34,"Baja unknown 5"
197,12,"Baja unknown 5"
198,42,"Baja unknown 5"
203,232,"Baja unknown 5"
204,110,"Baja unknown 5"
205,154,"Baja unknown 5"
206,74,"Baja unknown 5"
209,34,"Baja unknown 5"
210,20,"Baja unknown 5"
211,55,"Baja unknown 5"
212,18,"Baja unknown 5"
213,27,"Baja unknown 5"
214,24,"Baja unknown 5"
215,13,"Baja unknown 5"
217,31,"Baja unknown 5"
219,15,"Baja unknown 5"
221,81,"Baja unknown 5"
222,28,"Baja unknown 5"
223,53,"Baja unknown 5"
224,19,"Baja unknown 5"
225,35,"Baja unknown 5"
226,24,"Baja unknown 5"
227,44,"Baja unknown 5"
228,12,"Baja unknown 5"
230,4,"Baja unknown 5"
231,42,"Baja unknown 5"
232,30,"Baja unknown 5"
235,28,"Baja unknown 5"
236,20,"Baja unknown 5"
238,24,"Baja unknown 5"
239,158,"Baja unknown 5"
240,54,"Baja unknown 5"
241,90,"Baja unknown 5"
242,12,"Baja unknown 5"
243,14,"Baja unknown 5"
244,6,"Baja unknown 5"
246,5,"Baja unknown 5"
247,24,"Baja unknown 5"
249,19,"Baja unknown 5"
250,10,"Baja unknown 5"
251,23,"Baja unknown 5"
252,13,"Baja unknown 5"
257,80,"Baja unknown 5"
259,167,"Baja unknown 5"
260,5,"Baja unknown 5"
261,69,"Baja unknown 5"
262,25,"Baja unknown 5"
263,64,"Baja unknown 5"
264,5,"Baja unknown 5"
265,4,"Baja unknown 5"
266,10,"Baja unknown 5"
267,7,"Baja unknown 5"
268,10,"Baja unknown 5"
273,13,"Baja unknown 5"
274,1,"Baja unknown 5"
275,193,"Baja unknown 5"
276,41,"Baja unknown 5"
277,171,"Baja unknown 5"
278,58,"Baja unknown 5"
279,63,"Baja unknown 5"
280,19,"Baja unknown 5"
283,16,"Baja unknown 5"
285,17,"Baja unknown 5"
286,6,"Baja unknown 5"
288,14,"Baja unknown 5"
289,9,"Baja unknown 5"
290,9,"Baja unknown 5"
291,10,"Baja unknown 5"
292,31,"Baja unknown 5"
294,19,"Baja unknown 5"
295,17,"Baja unknown 5"
296,8,"Baja unknown 5"
297,4,"Baja unknown 5"
298,23,"Baja unknown 5"
299,53,"Baja unknown 5"
300,37,"Baja unknown 5"
301,32,"Baja unknown 5"
303,11,"Baja unknown 5"
304,18,"Baja unknown 5"
305,13,"Baja unknown 5"
307,52,"Baja unknown 5"
308,20,"Baja unknown 5"
310,11,"Baja unknown 5"
311,158,"Baja unknown 5"
312,10,"Baja unknown 5"
313,168,"Baja unknown 5"
314,15,"Baja unknown 5"
315,77,"Baja unknown 5"
316,38,"Baja unknown 5"
317,15,"Baja unknown 5"
318,14,"Baja unknown 5"
319,8,"Baja unknown 5"
320,7,"Baja unknown 5"
327,10,"Baja unknown 5"
330,8,"Baja unknown 5"
332,10,"Baja unknown 5"
335,27,"Baja unknown 5"
336,8,"Baja unknown 5"
337,16,"Baja unknown 5"
339,18,"Baja unknown 5"
341,6,"Baja unknown 5"
343,1,"Baja unknown 5"
344,2,"Baja unknown 5"
345,11,"Baja unknown 5"
346,98,"Baja unknown 5"
347,117,"Baja unknown 5"
348,160,"Baja unknown 5"
349,181,"Baja unknown 5"
350,116,"Baja unknown 5"
351,118,"Baja unknown 5"
352,49,"Baja unknown 5"
353,42,"Baja unknown 5"
354,11,"Baja unknown 5"
355,11,"Baja unknown 5"
357,3,"Baja unknown 5"
358,19,"Baja unknown 5"
359,9,"Baja unknown 5"
360,14,"Baja unknown 5"
361,7,"Baja unknown 5"
362,14,"Baja unknown 5"
363,3,"Baja unknown 5"
364,11,"Baja unknown 5"
366,1,"Baja unknown 5"
367,1,"Baja unknown 5"
371,41,"Baja unknown 5"
372,6,"Baja unknown 5"
373,55,"Baja unknown 5"
374,18,"Baja unknown 5"
375,30,"Baja unknown 5"
376,6,"Baja unknown 5"
377,11,"Baja unknown 5"
378,4,"Baja unknown 5"
380,2,"Baja unknown 5"
383,2,"Baja unknown 5"
389,3,"Baja unknown 5"
396,5,"Baja unknown 5"
397,1,"Baja unknown 5"
399,2,"Baja unknown 5"
402,1,"Baja unknown 5"
406,30,"Baja unknown 5"
407,7,"Baja unknown 5"
408,49,"Baja unknown 5"
409,13,"Baja unknown 5"
410,32,"Baja unknown 5"
411,8,"Baja unknown 5"
412,11,"Baja unknown 5"
413,1,"Baja unknown 5"
414,1,"Baja unknown 5"
415,1,"Baja unknown 5"
416,1,"Baja unknown 5"
429,2,"Baja unknown 5"
430,1,"Baja unknown 5"
466,1,"Baja unknown 5"
468,1,"Baja unknown 5"
51,489,"Baja unknown 6"
52,52,"Baja unknown 6"
60,80,"Baja unknown 6"
61,194,"Baja unknown 6"
62,247,"Baja unknown 6"
63,655,"Baja unknown 6"
73,552,"Baja unknown 6"
74,408,"Baja unknown 6"
75,998,"Baja unknown 6"
76,208,"Baja unknown 6"
81,405,"Baja unknown 6"
83,360,"Baja unknown 6"
84,241,"Baja unknown 6"
86,227,"Baja unknown 6"
87,469,"Baja unknown 6"
88,50,"Baja unknown 6"
89,501,"Baja unknown 6"
94,239,"Baja unknown 6"
96,242,"Baja unknown 6"
97,430,"Baja unknown 6"
98,262,"Baja unknown 6"
99,434,"Baja unknown 6"
100,105,"Baja unknown 6"
101,116,"Baja unknown 6"
102,103,"Baja unknown 6"
103,82,"Baja unknown 6"
107,282,"Baja unknown 6"
109,356,"Baja unknown 6"
110,262,"Baja unknown 6"
111,663,"Baja unknown 6"
112,131,"Baja unknown 6"
113,398,"Baja unknown 6"
114,146,"Baja unknown 6"
121,171,"Baja unknown 6"
123,420,"Baja unknown 6"
124,177,"Baja unknown 6"
125,312,"Baja unknown 6"
126,266,"Baja unknown 6"
127,266,"Baja unknown 6"
133,348,"Baja unknown 6"
135,242,"Baja unknown 6"
136,172,"Baja unknown 6"
137,209,"Baja unknown 6"
139,236,"Baja unknown 6"
141,204,"Baja unknown 6"
145,308,"Baja unknown 6"
147,228,"Baja unknown 6"
148,188,"Baja unknown 6"
149,283,"Baja unknown 6"
150,121,"Baja unknown 6"
151,167,"Baja unknown 6"
153,160,"Baja unknown 6"
154,52,"Baja unknown 6"
156,137,"Baja unknown 6"
159,301,"Baja unknown 6"
160,161,"Baja unknown 6"
161,184,"Baja unknown 6"
162,143,"Baja unknown 6"
163,213,"Baja unknown 6"
164,154,"Baja unknown 6"
165,324,"Baja unknown 6"
166,174,"Baja unknown 6"
167,231,"Baja unknown 6"
168,200,"Baja unknown 6"
169,317,"Baja unknown 6"
170,131,"Baja unknown 6"
172,173,"Baja unknown 6"
173,161,"Baja unknown 6"
174,160,"Baja unknown 6"
175,236,"Baja unknown 6"
176,99,"Baja unknown 6"
177,129,"Baja unknown 6"
179,63,"Baja unknown 6"
180,101,"Baja unknown 6"
181,160,"Baja unknown 6"
182,190,"Baja unknown 6"
183,187,"Baja unknown 6"
189,193,"Baja unknown 6"
190,63,"Baja unknown 6"
191,201,"Baja unknown 6"
192,254,"Baja unknown 6"
193,129,"Baja unknown 6"
194,96,"Baja unknown 6"
195,30,"Baja unknown 6"
196,94,"Baja unknown 6"
202,99,"Baja unknown 6"
203,523,"Baja unknown 6"
204,170,"Baja unknown 6"
205,596,"Baja unknown 6"
206,238,"Baja unknown 6"
207,322,"Baja unknown 6"
208,83,"Baja unknown 6"
209,150,"Baja unknown 6"
210,62,"Baja unknown 6"
211,118,"Baja unknown 6"
213,201,"Baja unknown 6"
215,67,"Baja unknown 6"
216,39,"Baja unknown 6"
217,170,"Baja unknown 6"
218,47,"Baja unknown 6"
219,201,"Baja unknown 6"
220,224,"Baja unknown 6"
221,61,"Baja unknown 6"
222,51,"Baja unknown 6"
223,66,"Baja unknown 6"
224,60,"Baja unknown 6"
226,101,"Baja unknown 6"
227,43,"Baja unknown 6"
229,108,"Baja unknown 6"
230,47,"Baja unknown 6"
231,54,"Baja unknown 6"
232,57,"Baja unknown 6"
233,74,"Baja unknown 6"
234,81,"Baja unknown 6"
236,40,"Baja unknown 6"
237,104,"Baja unknown 6"
239,66,"Baja unknown 6"
240,49,"Baja unknown 6"
241,62,"Baja unknown 6"
242,52,"Baja unknown 6"
243,95,"Baja unknown 6"
244,59,"Baja unknown 6"
245,73,"Baja unknown 6"
246,68,"Baja unknown 6"
247,103,"Baja unknown 6"
249,48,"Baja unknown 6"
252,24,"Baja unknown 6"
253,101,"Baja unknown 6"
254,52,"Baja unknown 6"
255,183,"Baja unknown 6"
256,50,"Baja unknown 6"
257,163,"Baja unknown 6"
258,50,"Baja unknown 6"
259,160,"Baja unknown 6"
260,61,"Baja unknown 6"
261,95,"Baja unknown 6"
262,29,"Baja unknown 6"
263,50,"Baja unknown 6"
265,103,"Baja unknown 6"
266,62,"Baja unknown 6"
267,73,"Baja unknown 6"
268,50,"Baja unknown 6"
274,34,"Baja unknown 6"
275,16,"Baja unknown 6"
276,344,"Baja unknown 6"
277,159,"Baja unknown 6"
278,16,"Baja unknown 6"
279,74,"Baja unknown 6"
280,27,"Baja unknown 6"
281,131,"Baja unknown 6"
282,50,"Baja unknown 6"
283,94,"Baja unknown 6"
284,56,"Baja unknown 6"
285,50,"Baja unknown 6"
286,41,"Baja unknown 6"
287,63,"Baja unknown 6"
291,69,"Baja unknown 6"
293,98,"Baja unknown 6"
294,62,"Baja unknown 6"
295,80,"Baja unknown 6"
297,102,"Baja unknown 6"
298,15,"Baja unknown 6"
299,43,"Baja unknown 6"
300,46,"Baja unknown 6"
301,31,"Baja unknown 6"
302,115,"Baja unknown 6"
303,32,"Baja unknown 6"
304,36,"Baja unknown 6"
307,20,"Baja unknown 6"
308,10,"Baja unknown 6"
309,45,"Baja unknown 6"
310,28,"Baja unknown 6"
311,103,"Baja unknown 6"
312,67,"Baja unknown 6"
313,63,"Baja unknown 6"
314,71,"Baja unknown 6"
315,30,"Baja unknown 6"
319,24,"Baja unknown 6"
320,28,"Baja unknown 6"
321,18,"Baja unknown 6"
322,20,"Baja unknown 6"
324,21,"Baja unknown 6"
325,26,"Baja unknown 6"
326,36,"Baja unknown 6"
327,49,"Baja unknown 6"
328,14,"Baja unknown 6"
329,85,"Baja unknown 6"
331,175,"Baja unknown 6"
333,63,"Baja unknown 6"
335,26,"Baja unknown 6"
336,100,"Baja unknown 6"
337,98,"Baja unknown 6"
339,70,"Baja unknown 6"
340,42,"Baja unknown 6"
341,52,"Baja unknown 6"
342,32,"Baja unknown 6"
343,23,"Baja unknown 6"
345,47,"Baja unknown 6"
346,27,"Baja unknown 6"
347,28,"Baja unknown 6"
348,33,"Baja unknown 6"
353,37,"Baja unknown 6"
354,34,"Baja unknown 6"
355,24,"Baja unknown 6"
356,37,"Baja unknown 6"
358,67,"Baja unknown 6"
359,70,"Baja unknown 6"
360,57,"Baja unknown 6"
361,68,"Baja unknown 6"
362,38,"Baja unknown 6"
363,42,"Baja unknown 6"
364,63,"Baja unknown 6"
367,37,"Baja unknown 6"
368,64,"Baja unknown 6"
369,83,"Baja unknown 6"
370,28,"Baja unknown 6"
371,15,"Baja unknown 6"
372,23,"Baja unknown 6"
373,46,"Baja unknown 6"
374,87,"Baja unknown 6"
375,60,"Baja unknown 6"
376,65,"Baja unknown 6"
378,18,"Baja unknown 6"
379,12,"Baja unknown 6"
380,3,"Baja unknown 6"
381,9,"Baja unknown 6"
382,8,"Baja unknown 6"
383,11,"Baja unknown 6"
384,13,"Baja unknown 6"
386,1,"Baja unknown 6"
387,7,"Baja unknown 6"
389,13,"Baja unknown 6"
391,14,"Baja unknown 6"
393,12,"Baja unknown 6"
395,13,"Baja unknown 6"
399,3,"Baja unknown 6"
401,3,"Baja unknown 6"
407,147,"Baja unknown 6"
408,74,"Baja unknown 6"
409,306,"Baja unknown 6"
410,98,"Baja unknown 6"
411,252,"Baja unknown 6"
412,82,"Baja unknown 6"
413,121,"Baja unknown 6"
414,32,"Baja unknown 6"
415,30,"Baja unknown 6"
416,14,"Baja unknown 6"
417,15,"Baja unknown 6"
418,11,"Baja unknown 6"
419,21,"Baja unknown 6"
420,10,"Baja unknown 6"
421,16,"Baja unknown 6"
422,8,"Baja unknown 6"
423,21,"Baja unknown 6"
424,231,"Baja unknown 6"
425,74,"Baja unknown 6"
426,278,"Baja unknown 6"
427,80,"Baja unknown 6"
428,144,"Baja unknown 6"
429,31,"Baja unknown 6"
430,35,"Baja unknown 6"
431,11,"Baja unknown 6"
433,7,"Baja unknown 6"
434,24,"Baja unknown 6"
435,1,"Baja unknown 6"
436,20,"Baja unknown 6"
437,6,"Baja unknown 6"
438,8,"Baja unknown 6"
439,2,"Baja unknown 6"
442,10,"Baja unknown 6"
444,18,"Baja unknown 6"
445,4,"Baja unknown 6"
446,19,"Baja unknown 6"
447,5,"Baja unknown 6"
449,3,"Baja unknown 6"
450,7,"Baja unknown 6"
459,3,"Baja unknown 6"
460,1,"Baja unknown 6"
461,1,"Baja unknown 6"
464,1,"Baja unknown 6"
472,1,"Baja unknown 6"
483,2,"Baja unknown 6"
484,3,"Baja unknown 6"
494,1,"Baja unknown 6"
495,1,"Baja unknown 6"
498,1,"Baja unknown 6"
500,1,"Baja unknown 6"
503,1,"Baja unknown 6"
525,3,"Baja unknown 6"
526,8,"Baja unknown 6"
527,10,"Baja unknown 6"
528,23,"Baja unknown 6"
529,14,"Baja unknown 6"
530,42,"Baja unknown 6"
531,8,"Baja unknown 6"
532,25,"Baja unknown 6"
533,8,"Baja unknown 6"
534,9,"Baja unknown 6"
536,4,"Baja unknown 6"
539,1,"Baja unknown 6"
541,4,"Baja unknown 6"
543,2,"Baja unknown 6"
545,2,"Baja unknown 6"
560,2,"Baja unknown 6"
571,1,"Baja unknown 6"
596,1,"Baja unknown 6"
598,1,"Baja unknown 6"
603,1,"Baja unknown 6"
623,1,"Baja unknown 6"
632,1,"Baja unknown 6"
641,1,"Baja unknown 6"
644,1,"Baja unknown 6"
650,1,"Baja unknown 6"
654,1,"Baja unknown 6"
663,1,"Baja unknown 6"
664,1,"Baja unknown 6"
669,1,"Baja unknown 6"
673,1,"Baja unknown 6"
676,1,"Baja unknown 6"
680,1,"Baja unknown 6"
683,1,"Baja unknown 6"
694,1,"Baja unknown 6"
696,1,"Baja unknown 6"
699,2,"Baja unknown 6"
700,1,"Baja unknown 6"
701,1,"Baja unknown 6"
704,1,"Baja unknown 6"
705,1,"Baja unknown 6"
708,1,"Baja unknown 6"
710,1,"Baja unknown 6"
714,1,"Baja unknown 6"
716,1,"Baja unknown 6"
717,1,"Baja unknown 6"
719,2,"Baja unknown 6"
721,1,"Baja unknown 6"
728,1,"Baja unknown 6"
731,1,"Baja unknown 6"
734,1,"Baja unknown 6"
735,1,"Baja unknown 6"
741,1,"Baja unknown 6"
742,1,"Baja unknown 6"
743,1,"Baja unknown 6"
747,2,"Baja unknown 6"
748,1,"Baja unknown 6"
761,1,"Baja unknown 6"
762,1,"Baja unknown 6"
774,1,"Baja unknown 6"
775,1,"Baja unknown 6"
781,1,"Baja unknown 6"
810,1,"Baja unknown 6"
814,1,"Baja unknown 6"
815,1,"Baja unknown 6"
816,2,"Baja unknown 6"
817,1,"Baja unknown 6"
821,1,"Baja unknown 6"
823,1,"Baja unknown 6"
826,1,"Baja unknown 6"
827,2,"Baja unknown 6"
828,1,"Baja unknown 6"
830,1,"Baja unknown 6"
833,1,"Baja unknown 6"
839,1,"Baja unknown 6"
848,1,"Baja unknown 6"
853,1,"Baja unknown 6"
858,1,"Baja unknown 6"
866,1,"Baja unknown 6"
867,2,"Baja unknown 6"
868,1,"Baja unknown 6"
880,1,"Baja unknown 6"
887,1,"Baja unknown 6"
888,1,"Baja unknown 6"
891,1,"Baja unknown 6"
896,1,"Baja unknown 6"
897,1,"Baja unknown 6"
899,1,"Baja unknown 6"
902,2,"Baja unknown 6"
906,1,"Baja unknown 6"
908,1,"Baja unknown 6"
912,1,"Baja unknown 6"
921,1,"Baja unknown 6"
923,1,"Baja unknown 6"
925,1,"Baja unknown 6"
926,1,"Baja unknown 6"
933,1,"Baja unknown 6"
936,1,"Baja unknown 6"
937,1,"Baja unknown 6"
941,1,"Baja unknown 6"
945,1,"Baja unknown 6"
946,1,"Baja unknown 6"
947,1,"Baja unknown 6"
948,2,"Baja unknown 6"
949,1,"Baja unknown 6"
954,1,"Baja unknown 6"
955,1,"Baja unknown 6"
956,1,"Baja unknown 6"
958,1,"Baja unknown 6"
959,1,"Baja unknown 6"
963,1,"Baja unknown 6"
964,1,"Baja unknown 6"
965,1,"Baja unknown 6"
974,1,"Baja unknown 6"
978,2,"Baja unknown 6"
980,1,"Baja unknown 6"
997,1,"Baja unknown 6"
62,242,"Baja unknown 7"
63,145,"Baja unknown 7"
72,235,"Baja unknown 7"
74,234,"Baja unknown 7"
76,125,"Baja unknown 7"
81,560,"Baja unknown 7"
84,407,"Baja unknown 7"
85,712,"Baja unknown 7"
86,321,"Baja unknown 7"
87,279,"Baja unknown 7"
90,88,"Baja unknown 7"
98,360,"Baja unknown 7"
101,137,"Baja unknown 7"
102,187,"Baja unknown 7"
105,516,"Baja unknown 7"
107,337,"Baja unknown 7"
108,482,"Baja unknown 7"
109,467,"Baja unknown 7"
110,326,"Baja unknown 7"
113,115,"Baja unknown 7"
115,216,"Baja unknown 7"
116,179,"Baja unknown 7"
118,201,"Baja unknown 7"
120,614,"Baja unknown 7"
121,535,"Baja unknown 7"
124,68,"Baja unknown 7"
125,42,"Baja unknown 7"
127,202,"Baja unknown 7"
128,437,"Baja unknown 7"
129,687,"Baja unknown 7"
132,576,"Baja unknown 7"
135,287,"Baja unknown 7"
141,293,"Baja unknown 7"
143,541,"Baja unknown 7"
144,177,"Baja unknown 7"
145,304,"Baja unknown 7"
147,315,"Baja unknown 7"
149,224,"Baja unknown 7"
151,78,"Baja unknown 7"
156,295,"Baja unknown 7"
158,174,"Baja unknown 7"
160,112,"Baja unknown 7"
161,90,"Baja unknown 7"
162,47,"Baja unknown 7"
163,153,"Baja unknown 7"
165,273,"Baja unknown 7"
170,76,"Baja unknown 7"
173,98,"Baja unknown 7"
175,116,"Baja unknown 7"
176,284,"Baja unknown 7"
177,289,"Baja unknown 7"
178,404,"Baja unknown 7"
183,109,"Baja unknown 7"
184,126,"Baja unknown 7"
185,194,"Baja unknown 7"
186,144,"Baja unknown 7"
189,99,"Baja unknown 7"
192,293,"Baja unknown 7"
194,216,"Baja unknown 7"
196,32,"Baja unknown 7"
197,61,"Baja unknown 7"
199,174,"Baja unknown 7"
201,73,"Baja unknown 7"
202,87,"Baja unknown 7"
203,140,"Baja unknown 7"
204,75,"Baja unknown 7"
205,142,"Baja unknown 7"
207,174,"Baja unknown 7"
211,101,"Baja unknown 7"
212,569,"Baja unknown 7"
213,59,"Baja unknown 7"
214,189,"Baja unknown 7"
215,104,"Baja unknown 7"
216,67,"Baja unknown 7"
217,80,"Baja unknown 7"
218,87,"Baja unknown 7"
220,88,"Baja unknown 7"
222,30,"Baja unknown 7"
226,50,"Baja unknown 7"
227,152,"Baja unknown 7"
228,110,"Baja unknown 7"
229,135,"Baja unknown 7"
230,109,"Baja unknown 7"
231,94,"Baja unknown 7"
232,57,"Baja unknown 7"
233,84,"Baja unknown 7"
234,25,"Baja unknown 7"
235,69,"Baja unknown 7"
236,34,"Baja unknown 7"
237,17,"Baja unknown 7"
240,62,"Baja unknown 7"
241,278,"Baja unknown 7"
243,142,"Baja unknown 7"
246,91,"Baja unknown 7"
247,131,"Baja unknown 7"
248,196,"Baja unknown 7"
249,70,"Baja unknown 7"
250,132,"Baja unknown 7"
252,30,"Baja unknown 7"
254,75,"Baja unknown 7"
255,120,"Baja unknown 7"
256,131,"Baja unknown 7"
257,113,"Baja unknown 7"
258,146,"Baja unknown 7"
259,61,"Baja unknown 7"
260,69,"Baja unknown 7"
261,50,"Baja unknown 7"
262,341,"Baja unknown 7"
264,402,"Baja unknown 7"
265,78,"Baja unknown 7"
268,57,"Baja unknown 7"
270,135,"Baja unknown 7"
273,42,"Baja unknown 7"
274,86,"Baja unknown 7"
275,109,"Baja unknown 7"
276,57,"Baja unknown 7"
285,20,"Baja unknown 7"
286,28,"Baja unknown 7"
288,40,"Baja unknown 7"
290,83,"Baja unknown 7"
291,75,"Baja unknown 7"
292,104,"Baja unknown 7"
293,54,"Baja unknown 7"
294,92,"Baja unknown 7"
295,25,"Baja unknown 7"
296,52,"Baja unknown 7"
298,20,"Baja unknown 7"
300,64,"Baja unknown 7"
304,73,"Baja unknown 7"
305,56,"Baja unknown 7"
306,111,"Baja unknown 7"
307,61,"Baja unknown 7"
309,104,"Baja unknown 7"
310,40,"Baja unknown 7"
311,172,"Baja unknown 7"
313,123,"Baja unknown 7"
314,42,"Baja unknown 7"
316,50,"Baja unknown 7"
317,42,"Baja unknown 7"
318,46,"Baja unknown 7"
320,57,"Baja unknown 7"
321,17,"Baja unknown 7"
322,56,"Baja unknown 7"
323,26,"Baja unknown 7"
324,26,"Baja unknown 7"
325,239,"Baja unknown 7"
326,66,"Baja unknown 7"
327,383,"Baja unknown 7"
328,113,"Baja unknown 7"
329,332,"Baja unknown 7"
330,470,"Baja unknown 7"
331,173,"Baja unknown 7"
332,296,"Baja unknown 7"
333,113,"Baja unknown 7"
334,59,"Baja unknown 7"
335,68,"Baja unknown 7"
339,38,"Baja unknown 7"
340,48,"Baja unknown 7"
345,8,"Baja unknown 7"
346,13,"Baja unknown 7"
347,91,"Baja unknown 7"
348,124,"Baja unknown 7"
349,121,"Baja unknown 7"
350,97,"Baja unknown 7"
351,267,"Baja unknown 7"
352,160,"Baja unknown 7"
353,666,"Baja unknown 7"
354,210,"Baja unknown 7"
355,675,"Baja unknown 7"
356,105,"Baja unknown 7"
357,387,"Baja unknown 7"
358,88,"Baja unknown 7"
359,143,"Baja unknown 7"
360,20,"Baja unknown 7"
361,19,"Baja unknown 7"
362,11,"Baja unknown 7"
363,13,"Baja unknown 7"
364,41,"Baja unknown 7"
365,112,"Baja unknown 7"
366,56,"Baja unknown 7"
367,204,"Baja unknown 7"
368,692,"Baja unknown 7"
369,337,"Baja unknown 7"
370,933,"Baja unknown 7"
371,278,"Baja unknown 7"
372,741,"Baja unknown 7"
373,165,"Baja unknown 7"
374,355,"Baja unknown 7"
375,80,"Baja unknown 7"
376,170,"Baja unknown 7"
377,23,"Baja unknown 7"
378,81,"Baja unknown 7"
379,13,"Baja unknown 7"
380,11,"Baja unknown 7"
383,53,"Baja unknown 7"
384,22,"Baja unknown 7"
385,103,"Baja unknown 7"
386,44,"Baja unknown 7"
387,78,"Baja unknown 7"
388,42,"Baja unknown 7"
389,66,"Baja unknown 7"
390,32,"Baja unknown 7"
391,43,"Baja unknown 7"
392,11,"Baja unknown 7"
393,16,"Baja unknown 7"
394,8,"Baja unknown 7"
395,6,"Baja unknown 7"
396,4,"Baja unknown 7"
397,3,"Baja unknown 7"
398,2,"Baja unknown 7"
409,9,"Baja unknown 7"
416,1,"Baja unknown 7"
417,49,"Baja unknown 7"
418,542,"Baja unknown 7"
419,193,"Baja unknown 7"
420,999,"Baja unknown 7"
421,200,"Baja unknown 7"
422,814,"Baja unknown 7"
423,214,"Baja unknown 7"
424,357,"Baja unknown 7"
425,80,"Baja unknown 7"
426,92,"Baja unknown 7"
427,12,"Baja unknown 7"
428,6,"Baja unknown 7"
432,4,"Baja unknown 7"
444,9,"Baja unknown 7"
446,7,"Baja unknown 7"
448,7,"Baja unknown 7"
462,3,"Baja unknown 7"
463,2,"Baja unknown 7"
464,7,"Baja unknown 7"
465,1,"Baja unknown 7"
466,5,"Baja unknown 7"
467,2,"Baja unknown 7"
468,6,"Baja unknown 7"
471,1,"Baja unknown 7"
479,1,"Baja unknown 7"
480,1,"Baja unknown 7"
485,1,"Baja unknown 7"
495,1,"Baja unknown 7"
536,1,"Baja unknown 7"
540,1,"Baja unknown 7"
542,1,"Baja unknown 7"
545,1,"Baja unknown 7"
582,1,"Baja unknown 7"
591,1,"Baja unknown 7"
595,1,"Baja unknown 7"
601,1,"Baja unknown 7"
605,1,"Baja unknown 7"
606,1,"Baja unknown 7"
609,1,"Baja unknown 7"
640,1,"Baja unknown 7"
659,1,"Baja unknown 7"
679,1,"Baja unknown 7"
680,1,"Baja unknown 7"
682,1,"Baja unknown 7"
683,1,"Baja unknown 7"
686,1,"Baja unknown 7"
702,1,"Baja unknown 7"
708,1,"Baja unknown 7"
716,1,"Baja unknown 7"
718,1,"Baja unknown 7"
719,1,"Baja unknown 7"
721,1,"Baja unknown 7"
723,1,"Baja unknown 7"
737,1,"Baja unknown 7"
749,1,"Baja unknown 7"
753,1,"Baja unknown 7"
757,1,"Baja unknown 7"
760,1,"Baja unknown 7"
781,1,"Baja unknown 7"
788,1,"Baja unknown 7"
808,1,"Baja unknown 7"
810,1,"Baja unknown 7"
827,1,"Baja unknown 7"
828,1,"Baja unknown 7"
835,1,"Baja unknown 7"
847,1,"Baja unknown 7"
850,1,"Baja unknown 7"
857,1,"Baja unknown 7"
889,1,"Baja unknown 7"
914,1,"Baja unknown 7"
929,1,"Baja unknown 7"
931,1,"Baja unknown 7"
939,1,"Baja unknown 7"
958,1,"Baja unknown 7"
969,1,"Baja unknown 7"
991,1,"Baja unknown 7"
995,1,"Baja unknown 7"
50,249,"Baja unknown 8"
51,480,"Baja unknown 8"
52,380,"Baja unknown 8"
58,113,"Baja unknown 8"
61,342,"Baja unknown 8"
62,315,"Baja unknown 8"
64,128,"Baja unknown 8"
74,609,"Baja unknown 8"
75,451,"Baja unknown 8"
76,285,"Baja unknown 8"
82,186,"Baja unknown 8"
84,151,"Baja unknown 8"
86,181,"Baja unknown 8"
87,329,"Baja unknown 8"
88,211,"Baja unknown 8"
89,339,"Baja unknown 8"
90,130,"Baja unknown 8"
97,246,"Baja unknown 8"
98,461,"Baja unknown 8"
99,486,"Baja unknown 8"
100,456,"Baja unknown 8"
101,164,"Baja unknown 8"
102,111,"Baja unknown 8"
106,205,"Baja unknown 8"
110,51,"Baja unknown 8"
111,170,"Baja unknown 8"
113,71,"Baja unknown 8"
114,149,"Baja unknown 8"
115,377,"Baja unknown 8"
118,307,"Baja unknown 8"
120,130,"Baja unknown 8"
123,149,"Baja unknown 8"
124,478,"Baja unknown 8"
125,317,"Baja unknown 8"
126,444,"Baja unknown 8"
127,278,"Baja unknown 8"
140,296,"Baja unknown 8"
141,303,"Baja unknown 8"
146,123,"Baja unknown 8"
153,220,"Baja unknown 8"
163,366,"Baja unknown 8"
164,627,"Baja unknown 8"
165,242,"Baja unknown 8"
166,111,"Baja unknown 8"
167,128,"Baja unknown 8"
168,160,"Baja unknown 8"
169,147,"Baja unknown 8"
173,83,"Baja unknown 8"
182,78,"Baja unknown 8"
195,71,"Baja unknown 8"
204,118,"Baja unknown 8"
205,157,"Baja unknown 8"
206,203,"Baja unknown 8"
207,140,"Baja unknown 8"
208,106,"Baja unknown 8"
213,107,"Baja unknown 8"
217,46,"Baja unknown 8"
220,59,"Baja unknown 8"
225,154,"Baja unknown 8"
231,42,"Baja unknown 8"
232,80,"Baja unknown 8"
233,47,"Baja unknown 8"
234,59,"Baja unknown 8"
236,21,"Baja unknown 8"
242,15,"Baja unknown 8"
244,54,"Baja unknown 8"
245,32,"Baja unknown 8"
246,111,"Baja unknown 8"
247,254,"Baja unknown 8"
248,166,"Baja unknown 8"
249,167,"Baja unknown 8"
255,45,"Baja unknown 8"
260,86,"Baja unknown 8"
263,48,"Baja unknown 8"
267,49,"Baja unknown 8"
271,13,"Baja unknown 8"
274,24,"Baja unknown 8"
278,23,"Baja unknown 8"
280,19,"Baja unknown 8"
281,42,"Baja unknown 8"
284,31,"Baja unknown 8"
285,116,"Baja unknown 8"
286,52,"Baja unknown 8"
287,89,"Baja unknown 8"
288,66,"Baja unknown 8"
289,47,"Baja unknown 8"
290,6,"Baja unknown 8"
293,19,"Baja unknown 8"
294,15,"Baja unknown 8"
295,5,"Baja unknown 8"
303,70,"Baja unknown 8"
310,43,"Baja unknown 8"
311,144,"Baja unknown 8"
312,31,"Baja unknown 8"
313,209,"Baja unknown 8"
314,15,"Baja unknown 8"
315,68,"Baja unknown 8"
319,54,"Baja unknown 8"
325,15,"Baja unknown 8"
326,461,"Baja unknown 8"
327,276,"Baja unknown 8"
328,999,"Baja unknown 8"
329,189,"Baja unknown 8"
330,389,"Baja unknown 8"
331,55,"Baja unknown 8"
333,2,"Baja unknown 8"
342,4,"Baja unknown 8"
343,7,"Baja unknown 8"
349,3,"Baja unknown 8"
350,2,"Baja unknown 8"
354,3,"Baja unknown 8"
357,12,"Baja unknown 8"
364,11,"Baja unknown 8"
366,33,"Baja unknown 8"
367,12,"Baja unknown 8"
368,46,"Baja unknown 8"
369,5,"Baja unknown 8"
370,7,"Baja unknown 8"
373,4,"Baja unknown 8"
375,9,"Baja unknown 8"
378,12,"Baja unknown 8"
379,2,"Baja unknown 8"
383,3,"Baja unknown 8"
384,2,"Baja unknown 8"
387,5,"Baja unknown 8"
389,20,"Baja unknown 8"
390,7,"Baja unknown 8"
391,23,"Baja unknown 8"
393,32,"Baja unknown 8"
394,6,"Baja unknown 8"
395,2,"Baja unknown 8"
396,3,"Baja unknown 8"
399,7,"Baja unknown 8"
403,37,"Baja unknown 8"
404,205,"Baja unknown 8"
405,166,"Baja unknown 8"
406,593,"Baja unknown 8"
407,368,"Baja unknown 8"
408,500,"Baja unknown 8"
409,342,"Baja unknown 8"
410,207,"Baja unknown 8"
411,91,"Baja unknown 8"
412,15,"Baja unknown 8"
418,4,"Baja unknown 8"
446,4,"Baja unknown 8"
451,2,"Baja unknown 8"
459,4,"Baja unknown 8"
460,2,"Baja unknown 8"
470,2,"Baja unknown 8"
484,36,"Baja unknown 8"
485,46,"Baja unknown 8"
486,123,"Baja unknown 8"
487,90,"Baja unknown 8"
488,251,"Baja unknown 8"
489,75,"Baja unknown 8"
490,157,"Baja unknown 8"
491,36,"Baja unknown 8"
492,17,"Baja unknown 8"
550,2,"Baja unknown 8"
554,2,"Baja unknown 8"
558,1,"Baja unknown 8"
562,3,"Baja unknown 8"
567,1,"Baja unknown 8"
585,2,"Baja unknown 8"
589,2,"Baja unknown 8"
591,2,"Baja unknown 8"
592,2,"Baja unknown 8"
596,1,"Baja unknown 8"
603,1,"Baja unknown 8"
605,1,"Baja unknown 8"
610,1,"Baja unknown 8"
614,2,"Baja unknown 8"
619,1,"Baja unknown 8"
627,2,"Baja unknown 8"
656,2,"Baja unknown 8"
684,1,"Baja unknown 8"
692,1,"Baja unknown 8"
705,1,"Baja unknown 8"
730,2,"Baja unknown 8"
738,1,"Baja unknown 8"
813,2,"Baja unknown 8"
822,2,"Baja unknown 8"
830,1,"Baja unknown 8"
834,3,"Baja unknown 8"
895,1,"Baja unknown 8"
903,1,"Baja unknown 8"
917,1,"Baja unknown 8"
924,2,"Baja unknown 8"
929,1,"Baja unknown 8"
957,3,"Baja unknown 8"
964,2,"Baja unknown 8"
990,1,"Baja unknown 8"
50,269,"Baja unknown 9"
56,300,"Baja unknown 9"
58,92,"Baja unknown 9"
62,94,"Baja unknown 9"
66,112,"Baja unknown 9"
72,78,"Baja unknown 9"
73,126,"Baja unknown 9"
74,77,"Baja unknown 9"
75,211,"Baja unknown 9"
76,999,"Baja unknown 9"
78,209,"Baja unknown 9"
88,30,"Baja unknown 9"
89,52,"Baja unknown 9"
90,29,"Baja unknown 9"
96,87,"Baja unknown 9"
98,94,"Baja unknown 9"
99,99,"Baja unknown 9"
100,90,"Baja unknown 9"
109,198,"Baja unknown 9"
110,88,"Baja unknown 9"
112,42,"Baja unknown 9"
114,39,"Baja unknown 9"
121,156,"Baja unknown 9"
122,89,"Baja unknown 9"
123,233,"Baja unknown 9"
125,196,"Baja unknown 9"
126,98,"Baja unknown 9"
137,164,"Baja unknown 9"
140,37,"Baja unknown 9"
142,185,"Baja unknown 9"
149,102,"Baja unknown 9"
150,131,"Baja unknown 9"
152,175,"Baja unknown 9"
154,89,"Baja unknown 9"
155,66,"Baja unknown 9"
162,285,"Baja unknown 9"
164,208,"Baja unknown 9"
165,42,"Baja unknown 9"
166,54,"Baja unknown 9"
167,44,"Baja unknown 9"
168,38,"Baja unknown 9"
169,153,"Baja unknown 9"
172,138,"Baja unknown 9"
176,28,"Baja unknown 9"
178,95,"Baja unknown 9"
180,45,"Baja unknown 9"
181,11,"Baja unknown 9"
182,29,"Baja unknown 9"
183,73,"Baja unknown 9"
185,101,"Baja unknown 9"
187,91,"Baja unknown 9"
188,121,"Baja unknown 9"
189,133,"Baja unknown 9"
190,31,"Baja unknown 9"
191,64,"Baja unknown 9"
194,70,"Baja unknown 9"
196,48,"Baja unknown 9"
198,103,"Baja unknown 9"
200,81,"Baja unknown 9"
201,122,"Baja unknown 9"
209,114,"Baja unknown 9"
210,17,"Baja unknown 9"
216,85,"Baja unknown 9"
218,23,"Baja unknown 9"
222,51,"Baja unknown 9"
223,67,"Baja unknown 9"
225,46,"Baja unknown 9"
226,70,"Baja unknown 9"
230,29,"Baja unknown 9"
232,38,"Baja unknown 9"
235,68,"Baja unknown 9"
237,17,"Baja unknown 9"
238,77,"Baja unknown 9"
239,27,"Baja unknown 9"
245,24,"Baja unknown 9"
248,54,"Baja unknown 9"
252,79,"Baja unknown 9"
254,38,"Baja unknown 9"
256,66,"Baja unknown 9"
257,33,"Baja unknown 9"
258,53,"Baja unknown 9"
259,54,"Baja unknown 9"
260,78,"Baja unknown 9"
261,27,"Baja unknown 9"
265,50,"Baja unknown 9"
268,14,"Baja unknown 9"
272,32,"Baja unknown 9"
274,25,"Baja unknown 9"
275,60,"Baja unknown 9"
277,34,"Baja unknown 9"
278,12,"Baja unknown 9"
279,9,"Baja unknown 9"
283,40,"Baja unknown 9"
284,25,"Baja unknown 9"
285,29,"Baja unknown 9"
286,40,"Baja unknown 9"
291,25,"Baja unknown 9"
292,32,"Baja unknown 9"
294,23,"Baja unknown 9"
296,23,"Baja unknown 9"
297,18,"Baja unknown 9"
298,22,"Baja unknown 9"
299,6,"Baja unknown 9"
300,23,"Baja unknown 9"
303,21,"Baja unknown 9"
305,13,"Baja unknown 9"
306,12,"Baja unknown 9"
307,23,"Baja unknown 9"
308,20,"Baja unknown 9"
309,38,"Baja unknown 9"
310,38,"Baja unknown 9"
311,16,"Baja unknown 9"
312,20,"Baja unknown 9"
313,20,"Baja unknown 9"
316,14,"Baja unknown 9"
320,9,"Baja unknown 9"
323,10,"Baja unknown 9"
328,35,"Baja unknown 9"
330,22,"Baja unknown 9"
332,14,"Baja unknown 9"
336,11,"Baja unknown 9"
337,8,"Baja unknown 9"
338,8,"Baja unknown 9"
339,9,"Baja unknown 9"
342,14,"Baja unknown 9"
343,18,"Baja unknown 9"
346,12,"Baja unknown 9"
347,29,"Baja unknown 9"
348,17,"Baja unknown 9"
349,19,"Baja unknown 9"
350,24,"Baja unknown 9"
351,29,"Baja unknown 9"
358,14,"Baja unknown 9"
361,9,"Baja unknown 9"
362,7,"Baja unknown 9"
363,31,"Baja unknown 9"
364,24,"Baja unknown 9"
365,20,"Baja unknown 9"
366,17,"Baja unknown 9"
367,48,"Baja unknown 9"
372,7,"Baja unknown 9"
373,14,"Baja unknown 9"
380,17,"Baja unknown 9"
381,18,"Baja unknown 9"
383,14,"Baja unknown 9"
386,34,"Baja unknown 9"
387,19,"Baja unknown 9"
392,8,"Baja unknown 9"
398,3,"Baja unknown 9"
399,28,"Baja unknown 9"
402,13,"Baja unknown 9"
403,19,"Baja unknown 9"
408,12,"Baja unknown 9"
412,6,"Baja unknown 9"
413,53,"Baja unknown 9"
414,33,"Baja unknown 9"
415,20,"Baja unknown 9"
416,25,"Baja unknown 9"
417,42,"Baja unknown 9"
418,21,"Baja unknown 9"
419,14,"Baja unknown 9"
420,7,"Baja unknown 9"
421,7,"Baja unknown 9"
422,4,"Baja unknown 9"
433,5,"Baja unknown 9"
434,9,"Baja unknown 9"
436,4,"Baja unknown 9"
437,7,"Baja unknown 9"
447,4,"Baja unknown 9"
449,233,"Baja unknown 9"
450,145,"Baja unknown 9"
451,394,"Baja unknown 9"
452,174,"Baja unknown 9"
453,267,"Baja unknown 9"
454,105,"Baja unknown 9"
455,72,"Baja unknown 9"
456,28,"Baja unknown 9"
457,5,"Baja unknown 9"
462,3,"Baja unknown 9"
463,3,"Baja unknown 9"
473,4,"Baja unknown 9"
478,5,"Baja unknown 9"
481,2,"Baja unknown 9"
483,5,"Baja unknown 9"
484,24,"Baja unknown 9"
485,33,"Baja unknown 9"
486,86,"Baja unknown 9"
487,42,"Baja unknown 9"
488,82,"Baja unknown 9"
489,36,"Baja unknown 9"
490,17,"Baja unknown 9"
492,6,"Baja unknown 9"
498,2,"Baja unknown 9"
514,2,"Baja unknown 9"
531,2,"Baja unknown 9"
533,1,"Baja unknown 9"
534,1,"Baja unknown 9"
538,2,"Baja unknown 9"
546,3,"Baja unknown 9"
555,3,"Baja unknown 9"
559,5,"Baja unknown 9"
560,5,"Baja unknown 9"
566,3,"Baja unknown 9"
574,3,"Baja unknown 9"
581,2,"Baja unknown 9"
590,1,"Baja unknown 9"
598,2,"Baja unknown 9"
609,2,"Baja unknown 9"
628,2,"Baja unknown 9"
633,2,"Baja unknown 9"
635,2,"Baja unknown 9"
641,2,"Baja unknown 9"
679,2,"Baja unknown 9"
712,2,"Baja unknown 9"
739,1,"Baja unknown 9"
758,1,"Baja unknown 9"
760,1,"Baja unknown 9"
797,1,"Baja unknown 9"
829,2,"Baja unknown 9"
838,1,"Baja unknown 9"
860,2,"Baja unknown 9"
868,2,"Baja unknown 9"
875,2,"Baja unknown 9"
887,1,"Baja unknown 9"
888,2,"Baja unknown 9"
917,2,"Baja unknown 9"
920,1,"Baja unknown 9"
944,2,"Baja unknown 9"
964,2,"Baja unknown 9"
978,1,"Baja unknown 9"
982,1,"Baja unknown 9"
984,2,"Baja unknown 9"
988,2,"Baja unknown 9"
994,1,"Baja unknown 9"
999,1,"Baja unknown 9"
